Workbook

Sheet INFO
A1: Nom de la société : | B1: ID CONSULTING
A2: date de mise en place : | B2: 45291
A3: Age retraite : | B3: 60
A4: taux technique : | B4: 0.035
A5: Frais de gestion IFC | B5: 0.05
A6: Taux d'évolution des salaires : | B6: 0
A7: Nombre de mois de salaire/année : | B7: 13
A8: Convention : | B8: CCIP
A9: taux de cotisation | B9: 0.1

Sheet BD
A1: IDENTI FIANT | B1: DATE DE NAISSANCE | C1: DATE D'EMBAUCHE | D1: SALAIRE ANNUEL BRUT ( bonus compris )
A2: 1 | B2: 28866 | C2: 36557 | D2: 4063827
A3: 2 | B3: 29861 | C3: 38565 | D3: 5422041
A4: 3 | B4: 29462 | C4: 42430 | D4: 10423011
A5: 4 | B5: 27396 | C5: 42857 | D5: 63458022
A6: 5 | B6: 29201 | C6: 42217 | D6: 24059012
A7: 6 | B7: 27834 | C7: 43374 | D7: 32044500
A8: 7 | B8: 32763 | C8: 43770 | D8: 10600000

Sheet calcul
A1: IDENTI FIANT | B1: DATE DE NAISSANCE | C1: DATE D'EMBAUCHE | D1: SALAIRE ANNUEL BRUT | E1: Ancienneté au terme | F1: Ancienneté à la Conception du régime | G1: Âge actuel à la conception du régime | H1: Salaire final mensuel | I1: date de départ à la retraite | J1: Droits IFC | K1: Probabilité Vie | L1: Probabilité présence (dans l’entreprise) | M1: Droits IFC Probables | N1: Coefficient d’actualisation | O1: Valeur présente des prestations futures | P1: Charge Normale | Q1: Dette Actuarielle | R1: Indemnité licenciement | S1: Passif IL | T1: SMIG Mensuel | U1: Indemnité IF | V1: Indemnité DC totale
A2: =IF(ISBLANK(BD!A2), "",BD!A2) -> 1 | B2: =IF(ISBLANK(BD!B2),"",BD!B2) -> 28866 | C2: =IF(ISBLANK(BD!C2),"",BD!C2) -> 36557 | D2: =IF(ISBLANK(BD!D2),"",BD!D2) -> 4063827 | E2: =IF(B2="", "", YEARFRAC(C2,calcul!I2)) -> 38.944444 | F2: =IF(B2="", "", YEARFRAC(C2,INFO!$B$2)) -> 23.916667 | G2: =IF(A2="","",DATEDIF(B2,INFO!$B$2,"y")+1) -> 45 | H2: =IF(B2="","",(D2/INFO!$B$7)*(1+INFO!$B$6)^MAX((INFO!$B$3-calcul!G2),0)) -> 312602.08 | I2: =IF(A2="","",EDATE(B2,INFO!$B$3*12)) -> 50781 | J2: =IF(A2="","",H2*(VLOOKUP(INT(calcul!E2),pourcentage!$A$2:$C$52,3,TRUE)+VLOOKUP(INT(E2),pourcentage!$A$2:$C$52,2,TRUE)*(calcul!E2-INT(calcul!E2)))) -> 5741458.1 | K2: =IF(A2="","",IF(G2<60,VLOOKUP(INFO!$B$3,table!$A$2:$F$112,2,TRUE)/VLOOKUP(calcul!G2,table!$A$2:$F$112,2,TRUE),VLOOKUP(calcul!G2,table!$A$2:$F$112,2,TRUE)/VLOOKUP(calcul!G2,table!$A$2:$F$112,2,TRUE))) -> 0.88305815 | L2: 1 | M2: =IF(A2="","",J2*K2*L2) -> 5070041.4 | N2: =IF(A2="","",IF(I2<INFO!$B$2,1/(1+INFO!$B$4)^(0.5),1/ (1+INFO!$B$4)^((DATEDIF(INFO!$B$2,calcul!I2,"d")+1)/365+0.5))) -> 0.58582737 | O2: =IF(A2="","",J2*K2*L2*N2) -> 2970169 | P2: =IF(A2="","",O2/E2) -> 76266.823 | Q2: =IF(A2="","",O2*F2/E2) -> 1824048.2 | R2: =IF(A2="","",IF(INFO!$B$2>calcul!I2,0,VLOOKUP(INT(calcul!F2),pourcentage!$A$2:$C$52,3,TRUE)*calcul!D2/12)) -> 2980139.8 | T2: =IF(A2="","",D2/24) -> 169326.12 | U2: =IF(A2="","",IF(INFO!$B$2>calcul!I2,0,VLOOKUP(INT(calcul!F2),pourcentage!$A$2:$C$52,3,TRUE)*T2)) -> 1490069.9 | V2: =IF(A2="","",R2+U2) -> 4470209.7
A3: =IF(ISBLANK(BD!A3), "",BD!A3) -> 2 | B3: =IF(ISBLANK(BD!B3),"",BD!B3) -> 29861 | C3: =IF(ISBLANK(BD!C3),"",BD!C3) -> 38565 | D3: =IF(ISBLANK(BD!D3),"",BD!D3) -> 5422041 | E3: =IF(B3="", "", YEARFRAC(C3,calcul!I3)) -> 36.169444 | F3: =IF(B3="", "", YEARFRAC(C3,INFO!$B$2)) -> 18.416667 | G3: =IF(A3="","",DATEDIF(B3,INFO!$B$2,"y")+1) -> 43 | H3: =IF(B3="","",(D3/INFO!$B$7)*(1+INFO!$B$6)^MAX((INFO!$B$3-calcul!G3),0)) -> 417080.08 | I3: =IF(A3="","",EDATE(B3,INFO!$B$3*12)) -> 51776 | J3: =IF(A3="","",H3*(VLOOKUP(INT(calcul!E3),pourcentage!$A$2:$C$52,3,TRUE)+VLOOKUP(INT(E3),pourcentage!$A$2:$C$52,2,TRUE)*(calcul!E3-INT(calcul!E3)))) -> 6965932.4 | K3: =IF(A3="","",IF(G3<60,VLOOKUP(INFO!$B$3,table!$A$2:$F$112,2,TRUE)/VLOOKUP(calcul!G3,table!$A$2:$F$112,2,TRUE),VLOOKUP(calcul!G3,table!$A$2:$F$112,2,TRUE)/VLOOKUP(calcul!G3,table!$A$2:$F$112,2,TRUE))) -> 0.87479668 | L3: 1 | M3: =IF(A3="","",J3*K3*L3) -> 6093774.6 | N3: =IF(A3="","",IF(I3<INFO!$B$2,1/(1+INFO!$B$4)^(0.5),1/ (1+INFO!$B$4)^((DATEDIF(INFO!$B$2,calcul!I3,"d")+1)/365+0.5))) -> 0.5333863 | O3: =IF(A3="","",J3*K3*L3*N3) -> 3250335.9 | P3: =IF(A3="","",O3/E3) -> 89864.136 | Q3: =IF(A3="","",O3*F3/E3) -> 1654997.8 | R3: =IF(A3="","",IF(INFO!$B$2>calcul!I3,0,VLOOKUP(INT(calcul!F3),pourcentage!$A$2:$C$52,3,TRUE)*calcul!D3/12)) -> 2711020.5 | T3: =IF(A3="","",D3/24) -> 225918.38 | U3: =IF(A3="","",IF(INFO!$B$2>calcul!I3,0,VLOOKUP(INT(calcul!F3),pourcentage!$A$2:$C$52,3,TRUE)*T3)) -> 1355510.2 | V3: =IF(A3="","",R3+U3) -> 4066530.8
A4: =IF(ISBLANK(BD!A4), "",BD!A4) -> 3 | B4: =IF(ISBLANK(BD!B4),"",BD!B4) -> 29462 | C4: =IF(ISBLANK(BD!C4),"",BD!C4) -> 42430 | D4: =IF(ISBLANK(BD!D4),"",BD!D4) -> 10423011 | E4: =IF(B4="", "", YEARFRAC(C4,calcul!I4)) -> 24.494444 | F4: =IF(B4="", "", YEARFRAC(C4,INFO!$B$2)) -> 7.8333333 | G4: =IF(A4="","",DATEDIF(B4,INFO!$B$2,"y")+1) -> 44 | H4: =IF(B4="","",(D4/INFO!$B$7)*(1+INFO!$B$6)^MAX((INFO!$B$3-calcul!G4),0)) -> 801770.08 | I4: =IF(A4="","",EDATE(B4,INFO!$B$3*12)) -> 51377 | J4: =IF(A4="","",H4*(VLOOKUP(INT(calcul!E4),pourcentage!$A$2:$C$52,3,TRUE)+VLOOKUP(INT(E4),pourcentage!$A$2:$C$52,2,TRUE)*(calcul!E4-INT(calcul!E4)))) -> 7774497.2 | K4: =IF(A4="","",IF(G4<60,VLOOKUP(INFO!$B$3,table!$A$2:$F$112,2,TRUE)/VLOOKUP(calcul!G4,table!$A$2:$F$112,2,TRUE),VLOOKUP(calcul!G4,table!$A$2:$F$112,2,TRUE)/VLOOKUP(calcul!G4,table!$A$2:$F$112,2,TRUE))) -> 0.87875172 | L4: 1 | M4: =IF(A4="","",J4*K4*L4) -> 6831852.7 | N4: =IF(A4="","",IF(I4<INFO!$B$2,1/(1+INFO!$B$4)^(0.5),1/ (1+INFO!$B$4)^((DATEDIF(INFO!$B$2,calcul!I4,"d")+1)/365+0.5))) -> 0.55382673 | O4: =IF(A4="","",J4*K4*L4*N4) -> 3783662.6 | P4: =IF(A4="","",O4/E4) -> 154470.24 | Q4: =IF(A4="","",O4*F4/E4) -> 1210016.9 | R4: =IF(A4="","",IF(INFO!$B$2>calcul!I4,0,VLOOKUP(INT(calcul!F4),pourcentage!$A$2:$C$52,3,TRUE)*calcul!D4/12)) -> 1389734.8 | T4: =IF(A4="","",D4/24) -> 434292.12 | U4: =IF(A4="","",IF(INFO!$B$2>calcul!I4,0,VLOOKUP(INT(calcul!F4),pourcentage!$A$2:$C$52,3,TRUE)*T4)) -> 694867.4 | V4: =IF(A4="","",R4+U4) -> 2084602.2
A5: =IF(ISBLANK(BD!A5), "",BD!A5) -> 4 | B5: =IF(ISBLANK(BD!B5),"",BD!B5) -> 27396 | C5: =IF(ISBLANK(BD!C5),"",BD!C5) -> 42857 | D5: =IF(ISBLANK(BD!D5),"",BD!D5) -> 63458022 | E5: =IF(B5="", "", YEARFRAC(C5,calcul!I5)) -> 17.666667 | F5: =IF(B5="", "", YEARFRAC(C5,INFO!$B$2)) -> 6.6638889 | G5: =IF(A5="","",DATEDIF(B5,INFO!$B$2,"y")+1) -> 49 | H5: =IF(B5="","",(D5/INFO!$B$7)*(1+INFO!$B$6)^MAX((INFO!$B$3-calcul!G5),0)) -> 4881386.3 | I5: =IF(A5="","",EDATE(B5,INFO!$B$3*12)) -> 49311 | J5: =IF(A5="","",H5*(VLOOKUP(INT(calcul!E5),pourcentage!$A$2:$C$52,3,TRUE)+VLOOKUP(INT(E5),pourcentage!$A$2:$C$52,2,TRUE)*(calcul!E5-INT(calcul!E5)))) -> 28474753 | K5: =IF(A5="","",IF(G5<60,VLOOKUP(INFO!$B$3,table!$A$2:$F$112,2,TRUE)/VLOOKUP(calcul!G5,table!$A$2:$F$112,2,TRUE),VLOOKUP(calcul!G5,table!$A$2:$F$112,2,TRUE)/VLOOKUP(calcul!G5,table!$A$2:$F$112,2,TRUE))) -> 0.90401172 | L5: 1 | M5: =IF(A5="","",J5*K5*L5) -> 25741511 | N5: =IF(A5="","",IF(I5<INFO!$B$2,1/(1+INFO!$B$4)^(0.5),1/ (1+INFO!$B$4)^((DATEDIF(INFO!$B$2,calcul!I5,"d")+1)/365+0.5))) -> 0.67288428 | O5: =IF(A5="","",J5*K5*L5*N5) -> 17321058 | P5: =IF(A5="","",O5/E5) -> 980437.24 | Q5: =IF(A5="","",O5*F5/E5) -> 6533524.8 | R5: =IF(A5="","",IF(INFO!$B$2>calcul!I5,0,VLOOKUP(INT(calcul!F5),pourcentage!$A$2:$C$52,3,TRUE)*calcul!D5/12)) -> 6874619.1 | T5: =IF(A5="","",D5/24) -> 2644084.2 | U5: =IF(A5="","",IF(INFO!$B$2>calcul!I5,0,VLOOKUP(INT(calcul!F5),pourcentage!$A$2:$C$52,3,TRUE)*T5)) -> 3437309.5 | V5: =IF(A5="","",R5+U5) -> 10311929
A6: =IF(ISBLANK(BD!A6), "",BD!A6) -> 5 | B6: =IF(ISBLANK(BD!B6),"",BD!B6) -> 29201 | C6: =IF(ISBLANK(BD!C6),"",BD!C6) -> 42217 | D6: =IF(ISBLANK(BD!D6),"",BD!D6) -> 24059012 | E6: =IF(B6="", "", YEARFRAC(C6,calcul!I6)) -> 24.363889 | F6: =IF(B6="", "", YEARFRAC(C6,INFO!$B$2)) -> 8.4166667 | G6: =IF(A6="","",DATEDIF(B6,INFO!$B$2,"y")+1) -> 45 | H6: =IF(B6="","",(D6/INFO!$B$7)*(1+INFO!$B$6)^MAX((INFO!$B$3-calcul!G6),0)) -> 1850693.2 | I6: =IF(A6="","",EDATE(B6,INFO!$B$3*12)) -> 51116 | J6: =IF(A6="","",H6*(VLOOKUP(INT(calcul!E6),pourcentage!$A$2:$C$52,3,TRUE)+VLOOKUP(INT(E6),pourcentage!$A$2:$C$52,2,TRUE)*(calcul!E6-INT(calcul!E6)))) -> 17800584 | K6: =IF(A6="","",IF(G6<60,VLOOKUP(INFO!$B$3,table!$A$2:$F$112,2,TRUE)/VLOOKUP(calcul!G6,table!$A$2:$F$112,2,TRUE),VLOOKUP(calcul!G6,table!$A$2:$F$112,2,TRUE)/VLOOKUP(calcul!G6,table!$A$2:$F$112,2,TRUE))) -> 0.88305815 | L6: 1 | M6: =IF(A6="","",J6*K6*L6) -> 15718951 | N6: =IF(A6="","",IF(I6<INFO!$B$2,1/(1+INFO!$B$4)^(0.5),1/ (1+INFO!$B$4)^((DATEDIF(INFO!$B$2,calcul!I6,"d")+1)/365+0.5))) -> 0.56761947 | O6: =IF(A6="","",J6*K6*L6*N6) -> 8922382.7 | P6: =IF(A6="","",O6/E6) -> 366213.4 | Q6: =IF(A6="","",O6*F6/E6) -> 3082296.2 | R6: =IF(A6="","",IF(INFO!$B$2>calcul!I6,0,VLOOKUP(INT(calcul!F6),pourcentage!$A$2:$C$52,3,TRUE)*calcul!D6/12)) -> 3809343.6 | T6: =IF(A6="","",D6/24) -> 1002458.8 | U6: =IF(A6="","",IF(INFO!$B$2>calcul!I6,0,VLOOKUP(INT(calcul!F6),pourcentage!$A$2:$C$52,3,TRUE)*T6)) -> 1904671.8 | V6: =IF(A6="","",R6+U6) -> 5714015.4
A7: =IF(ISBLANK(BD!A7), "",BD!A7) -> 6 | B7: =IF(ISBLANK(BD!B7),"",BD!B7) -> 27834 | C7: =IF(ISBLANK(BD!C7),"",BD!C7) -> 43374 | D7: =IF(ISBLANK(BD!D7),"",BD!D7) -> 32044500 | E7: =IF(B7="", "", YEARFRAC(C7,calcul!I7)) -> 17.455556 | F7: =IF(B7="", "", YEARFRAC(C7,INFO!$B$2)) -> 5.25 | G7: =IF(A7="","",DATEDIF(B7,INFO!$B$2,"y")+1) -> 48 | H7: =IF(B7="","",(D7/INFO!$B$7)*(1+INFO!$B$6)^MAX((INFO!$B$3-calcul!G7),0)) -> 2464961.5 | I7: =IF(A7="","",EDATE(B7,INFO!$B$3*12)) -> 49749 | J7: =IF(A7="","",H7*(VLOOKUP(INT(calcul!E7),pourcentage!$A$2:$C$52,3,TRUE)+VLOOKUP(INT(E7),pourcentage!$A$2:$C$52,2,TRUE)*(calcul!E7-INT(calcul!E7)))) -> 14118752 | K7: =IF(A7="","",IF(G7<60,VLOOKUP(INFO!$B$3,table!$A$2:$F$112,2,TRUE)/VLOOKUP(calcul!G7,table!$A$2:$F$112,2,TRUE),VLOOKUP(calcul!G7,table!$A$2:$F$112,2,TRUE)/VLOOKUP(calcul!G7,table!$A$2:$F$112,2,TRUE))) -> 0.89821921 | L7: 1 | M7: =IF(A7="","",J7*K7*L7) -> 12681734 | N7: =IF(A7="","",IF(I7<INFO!$B$2,1/(1+INFO!$B$4)^(0.5),1/ (1+INFO!$B$4)^((DATEDIF(INFO!$B$2,calcul!I7,"d")+1)/365+0.5))) -> 0.64567201 | O7: =IF(A7="","",J7*K7*L7*N7) -> 8188240.9 | P7: =IF(A7="","",O7/E7) -> 469090.82 | Q7: =IF(A7="","",O7*F7/E7) -> 2462726.8 | R7: =IF(A7="","",IF(INFO!$B$2>calcul!I7,0,VLOOKUP(INT(calcul!F7),pourcentage!$A$2:$C$52,3,TRUE)*calcul!D7/12)) -> 2670375 | T7: =IF(A7="","",D7/24) -> 1335187.5 | U7: =IF(A7="","",IF(INFO!$B$2>calcul!I7,0,VLOOKUP(INT(calcul!F7),pourcentage!$A$2:$C$52,3,TRUE)*T7)) -> 1335187.5 | V7: =IF(A7="","",R7+U7) -> 4005562.5
A8: =IF(ISBLANK(BD!A8), "",BD!A8) -> 7 | B8: =IF(ISBLANK(BD!B8),"",BD!B8) -> 32763 | C8: =IF(ISBLANK(BD!C8),"",BD!C8) -> 43770 | D8: =IF(ISBLANK(BD!D8),"",BD!D8) -> 10600000 | E8: =IF(B8="", "", YEARFRAC(C8,calcul!I8)) -> 29.863889 | F8: =IF(B8="", "", YEARFRAC(C8,INFO!$B$2)) -> 4.1666667 | G8: =IF(A8="","",DATEDIF(B8,INFO!$B$2,"y")+1) -> 35 | H8: =IF(B8="","",(D8/INFO!$B$7)*(1+INFO!$B$6)^MAX((INFO!$B$3-calcul!G8),0)) -> 815384.62 | I8: =IF(A8="","",EDATE(B8,INFO!$B$3*12)) -> 54678 | J8: =IF(A8="","",H8*(VLOOKUP(INT(calcul!E8),pourcentage!$A$2:$C$52,3,TRUE)+VLOOKUP(INT(E8),pourcentage!$A$2:$C$52,2,TRUE)*(calcul!E8-INT(calcul!E8)))) -> 10533410 | K8: =IF(A8="","",IF(G8<60,VLOOKUP(INFO!$B$3,table!$A$2:$F$112,2,TRUE)/VLOOKUP(calcul!G8,table!$A$2:$F$112,2,TRUE),VLOOKUP(calcul!G8,table!$A$2:$F$112,2,TRUE)/VLOOKUP(calcul!G8,table!$A$2:$F$112,2,TRUE))) -> 0.85263558 | L8: 1 | M8: =IF(A8="","",J8*K8*L8) -> 8981160.4 | N8: =IF(A8="","",IF(I8<INFO!$B$2,1/(1+INFO!$B$4)^(0.5),1/ (1+INFO!$B$4)^((DATEDIF(INFO!$B$2,calcul!I8,"d")+1)/365+0.5))) -> 0.40574749 | O8: =IF(A8="","",J8*K8*L8*N8) -> 3644083.3 | P8: =IF(A8="","",O8/E8) -> 122023.07 | Q8: =IF(A8="","",O8*F8/E8) -> 508429.44 | R8: =IF(A8="","",IF(INFO!$B$2>calcul!I8,0,VLOOKUP(INT(calcul!F8),pourcentage!$A$2:$C$52,3,TRUE)*calcul!D8/12)) -> 706666.67 | T8: =IF(A8="","",D8/24) -> 441666.67 | U8: =IF(A8="","",IF(INFO!$B$2>calcul!I8,0,VLOOKUP(INT(calcul!F8),pourcentage!$A$2:$C$52,3,TRUE)*T8)) -> 353333.33 | V8: =IF(A8="","",R8+U8) -> 1060000
A9: =IF(ISBLANK(BD!A9), "",BD!A9) | B9: =IF(ISBLANK(BD!B9),"",BD!B9) | C9: =IF(ISBLANK(BD!C9),"",BD!C9) | D9: =IF(ISBLANK(BD!D9),"",BD!D9) | E9: =IF(B9="", "", YEARFRAC(C9,calcul!I9)) | F9: =IF(B9="", "", YEARFRAC(C9,INFO!$B$2)) | G9: =IF(A9="","",DATEDIF(B9,INFO!$B$2,"y")+1) | H9: =IF(B9="","",(D9/INFO!$B$7)*(1+INFO!$B$6)^MAX((INFO!$B$3-calcul!G9),0)) | I9: =IF(A9="","",EDATE(B9,INFO!$B$3*12)) | J9: =IF(A9="","",H9*(VLOOKUP(INT(calcul!E9),pourcentage!$A$2:$C$52,3,TRUE)+VLOOKUP(INT(E9),pourcentage!$A$2:$C$52,2,TRUE)*(calcul!E9-INT(calcul!E9)))) | K9: =IF(A9="","",IF(G9<60,VLOOKUP(INFO!$B$3,table!$A$2:$F$112,2,TRUE)/VLOOKUP(calcul!G9,table!$A$2:$F$112,2,TRUE),VLOOKUP(calcul!G9,table!$A$2:$F$112,2,TRUE)/VLOOKUP(calcul!G9,table!$A$2:$F$112,2,TRUE))) | L9: 1 | M9: =IF(A9="","",J9*K9*L9) | N9: =IF(A9="","",IF(I9<INFO!$B$2,1/(1+INFO!$B$4)^(0.5),1/ (1+INFO!$B$4)^((DATEDIF(INFO!$B$2,calcul!I9,"d")+1)/365+0.5))) | O9: =IF(A9="","",J9*K9*L9*N9) | P9: =IF(A9="","",O9/E9) | Q9: =IF(A9="","",O9*F9/E9) | R9: =IF(A9="","",IF(INFO!$B$2>calcul!I9,0,VLOOKUP(INT(calcul!F9),pourcentage!$A$2:$C$52,3,TRUE)*calcul!D9/12)) | T9: =IF(A9="","",D9/24) | U9: =IF(A9="","",IF(INFO!$B$2>calcul!I9,0,VLOOKUP(INT(calcul!F9),pourcentage!$A$2:$C$52,3,TRUE)*T9)) | V9: =IF(A9="","",R9+U9)
A10: =IF(ISBLANK(BD!A10), "",BD!A10) | B10: =IF(ISBLANK(BD!B10),"",BD!B10) | C10: =IF(ISBLANK(BD!C10),"",BD!C10) | D10: =IF(ISBLANK(BD!D10),"",BD!D10) | E10: =IF(B10="", "", YEARFRAC(C10,calcul!I10)) | F10: =IF(B10="", "", YEARFRAC(C10,INFO!$B$2)) | G10: =IF(A10="","",DATEDIF(B10,INFO!$B$2,"y")+1) | H10: =IF(B10="","",(D10/INFO!$B$7)*(1+INFO!$B$6)^MAX((INFO!$B$3-calcul!G10),0)) | I10: =IF(A10="","",EDATE(B10,INFO!$B$3*12)) | J10: =IF(A10="","",H10*(VLOOKUP(INT(calcul!E10),pourcentage!$A$2:$C$52,3,TRUE)+VLOOKUP(INT(E10),pourcentage!$A$2:$C$52,2,TRUE)*(calcul!E10-INT(calcul!E10)))) | K10: =IF(A10="","",IF(G10<60,VLOOKUP(INFO!$B$3,table!$A$2:$F$112,2,TRUE)/VLOOKUP(calcul!G10,table!$A$2:$F$112,2,TRUE),VLOOKUP(calcul!G10,table!$A$2:$F$112,2,TRUE)/VLOOKUP(calcul!G10,table!$A$2:$F$112,2,TRUE))) | L10: 1 | M10: =IF(A10="","",J10*K10*L10) | N10: =IF(A10="","",IF(I10<INFO!$B$2,1/(1+INFO!$B$4)^(0.5),1/ (1+INFO!$B$4)^((DATEDIF(INFO!$B$2,calcul!I10,"d")+1)/365+0.5))) | O10: =IF(A10="","",J10*K10*L10*N10) | P10: =IF(A10="","",O10/E10) | Q10: =IF(A10="","",O10*F10/E10) | R10: =IF(A10="","",IF(INFO!$B$2>calcul!I10,0,VLOOKUP(INT(calcul!F10),pourcentage!$A$2:$C$52,3,TRUE)*calcul!D10/12)) | T10: =IF(A10="","",D10/24) | U10: =IF(A10="","",IF(INFO!$B$2>calcul!I10,0,VLOOKUP(INT(calcul!F10),pourcentage!$A$2:$C$52,3,TRUE)*T10)) | V10: =IF(A10="","",R10+U10)
A11: =IF(ISBLANK(BD!A11), "",BD!A11) | B11: =IF(ISBLANK(BD!B11),"",BD!B11) | C11: =IF(ISBLANK(BD!C11),"",BD!C11) | D11: =IF(ISBLANK(BD!D11),"",BD!D11) | E11: =IF(B11="", "", YEARFRAC(C11,calcul!I11)) | F11: =IF(B11="", "", YEARFRAC(C11,INFO!$B$2)) | G11: =IF(A11="","",DATEDIF(B11,INFO!$B$2,"y")+1) | H11: =IF(B11="","",(D11/INFO!$B$7)*(1+INFO!$B$6)^MAX((INFO!$B$3-calcul!G11),0)) | I11: =IF(A11="","",EDATE(B11,INFO!$B$3*12)) | J11: =IF(A11="","",H11*(VLOOKUP(INT(calcul!E11),pourcentage!$A$2:$C$52,3,TRUE)+VLOOKUP(INT(E11),pourcentage!$A$2:$C$52,2,TRUE)*(calcul!E11-INT(calcul!E11)))) | K11: =IF(A11="","",IF(G11<60,VLOOKUP(INFO!$B$3,table!$A$2:$F$112,2,TRUE)/VLOOKUP(calcul!G11,table!$A$2:$F$112,2,TRUE),VLOOKUP(calcul!G11,table!$A$2:$F$112,2,TRUE)/VLOOKUP(calcul!G11,table!$A$2:$F$112,2,TRUE))) | L11: 1 | M11: =IF(A11="","",J11*K11*L11) | N11: =IF(A11="","",IF(I11<INFO!$B$2,1/(1+INFO!$B$4)^(0.5),1/ (1+INFO!$B$4)^((DATEDIF(INFO!$B$2,calcul!I11,"d")+1)/365+0.5))) | O11: =IF(A11="","",J11*K11*L11*N11) | P11: =IF(A11="","",O11/E11) | Q11: =IF(A11="","",O11*F11/E11) | R11: =IF(A11="","",IF(INFO!$B$2>calcul!I11,0,VLOOKUP(INT(calcul!F11),pourcentage!$A$2:$C$52,3,TRUE)*calcul!D11/12)) | T11: =IF(A11="","",D11/24) | U11: =IF(A11="","",IF(INFO!$B$2>calcul!I11,0,VLOOKUP(INT(calcul!F11),pourcentage!$A$2:$C$52,3,TRUE)*T11)) | V11: =IF(A11="","",R11+U11)
A12: =IF(ISBLANK(BD!A12), "",BD!A12) | B12: =IF(ISBLANK(BD!B12),"",BD!B12) | C12: =IF(ISBLANK(BD!C12),"",BD!C12) | D12: =IF(ISBLANK(BD!D12),"",BD!D12) | E12: =IF(B12="", "", YEARFRAC(C12,calcul!I12)) | F12: =IF(B12="", "", YEARFRAC(C12,INFO!$B$2)) | G12: =IF(A12="","",DATEDIF(B12,INFO!$B$2,"y")+1) | H12: =IF(B12="","",(D12/INFO!$B$7)*(1+INFO!$B$6)^MAX((INFO!$B$3-calcul!G12),0)) | I12: =IF(A12="","",EDATE(B12,INFO!$B$3*12)) | J12: =IF(A12="","",H12*(VLOOKUP(INT(calcul!E12),pourcentage!$A$2:$C$52,3,TRUE)+VLOOKUP(INT(E12),pourcentage!$A$2:$C$52,2,TRUE)*(calcul!E12-INT(calcul!E12)))) | K12: =IF(A12="","",IF(G12<60,VLOOKUP(INFO!$B$3,table!$A$2:$F$112,2,TRUE)/VLOOKUP(calcul!G12,table!$A$2:$F$112,2,TRUE),VLOOKUP(calcul!G12,table!$A$2:$F$112,2,TRUE)/VLOOKUP(calcul!G12,table!$A$2:$F$112,2,TRUE))) | L12: 1 | M12: =IF(A12="","",J12*K12*L12) | N12: =IF(A12="","",IF(I12<INFO!$B$2,1/(1+INFO!$B$4)^(0.5),1/ (1+INFO!$B$4)^((DATEDIF(INFO!$B$2,calcul!I12,"d")+1)/365+0.5))) | O12: =IF(A12="","",J12*K12*L12*N12) | P12: =IF(A12="","",O12/E12) | Q12: =IF(A12="","",O12*F12/E12) | R12: =IF(A12="","",IF(INFO!$B$2>calcul!I12,0,VLOOKUP(INT(calcul!F12),pourcentage!$A$2:$C$52,3,TRUE)*calcul!D12/12)) | T12: =IF(A12="","",D12/24) | U12: =IF(A12="","",IF(INFO!$B$2>calcul!I12,0,VLOOKUP(INT(calcul!F12),pourcentage!$A$2:$C$52,3,TRUE)*T12)) | V12: =IF(A12="","",R12+U12)
A13: =IF(ISBLANK(BD!A13), "",BD!A13) | B13: =IF(ISBLANK(BD!B13),"",BD!B13) | C13: =IF(ISBLANK(BD!C13),"",BD!C13) | D13: =IF(ISBLANK(BD!D13),"",BD!D13) | E13: =IF(B13="", "", YEARFRAC(C13,calcul!I13)) | F13: =IF(B13="", "", YEARFRAC(C13,INFO!$B$2)) | G13: =IF(A13="","",DATEDIF(B13,INFO!$B$2,"y")+1) | H13: =IF(B13="","",(D13/INFO!$B$7)*(1+INFO!$B$6)^MAX((INFO!$B$3-calcul!G13),0)) | I13: =IF(A13="","",EDATE(B13,INFO!$B$3*12)) | J13: =IF(A13="","",H13*(VLOOKUP(INT(calcul!E13),pourcentage!$A$2:$C$52,3,TRUE)+VLOOKUP(INT(E13),pourcentage!$A$2:$C$52,2,TRUE)*(calcul!E13-INT(calcul!E13)))) | K13: =IF(A13="","",IF(G13<60,VLOOKUP(INFO!$B$3,table!$A$2:$F$112,2,TRUE)/VLOOKUP(calcul!G13,table!$A$2:$F$112,2,TRUE),VLOOKUP(calcul!G13,table!$A$2:$F$112,2,TRUE)/VLOOKUP(calcul!G13,table!$A$2:$F$112,2,TRUE))) | L13: 1 | M13: =IF(A13="","",J13*K13*L13) | N13: =IF(A13="","",IF(I13<INFO!$B$2,1/(1+INFO!$B$4)^(0.5),1/ (1+INFO!$B$4)^((DATEDIF(INFO!$B$2,calcul!I13,"d")+1)/365+0.5))) | O13: =IF(A13="","",J13*K13*L13*N13) | P13: =IF(A13="","",O13/E13) | Q13: =IF(A13="","",O13*F13/E13) | R13: =IF(A13="","",IF(INFO!$B$2>calcul!I13,0,VLOOKUP(INT(calcul!F13),pourcentage!$A$2:$C$52,3,TRUE)*calcul!D13/12)) | T13: =IF(A13="","",D13/24) | U13: =IF(A13="","",IF(INFO!$B$2>calcul!I13,0,VLOOKUP(INT(calcul!F13),pourcentage!$A$2:$C$52,3,TRUE)*T13)) | V13: =IF(A13="","",R13+U13)
... A28: =IF(ISBLANK(BD!A28), "",BD!A28) | B28: =IF(ISBLANK(BD!B28),"",BD!B28) | C28: =IF(ISBLANK(BD!C28),"",BD!C28) | D28: =IF(ISBLANK(BD!D28),"",BD!D28) | E28: =IF(B28="", "", YEARFRAC(C28,calcul!I28)) | F28: =IF(B28="", "", YEARFRAC(C28,INFO!$B$2)) | G28: =IF(A28="","",DATEDIF(B28,INFO!$B$2,"y")+1) | H28: =IF(B28="","",(D28/INFO!$B$7)*(1+INFO!$B$6)^MAX((INFO!$B$3-calcul!G28),0)) | I28: =IF(A28="","",EDATE(B28,INFO!$B$3*12)) | J28: =IF(A28="","",H28*(VLOOKUP(INT(calcul!E28),pourcentage!$A$2:$C$52,3,TRUE)+VLOOKUP(INT(E28),pourcentage!$A$2:$C$52,2,TRUE)*(calcul!E28-INT(calcul!E28)))) | K28: =IF(A28="","",IF(G28<60,VLOOKUP(INFO!$B$3,table!$A$2:$F$112,2,TRUE)/VLOOKUP(calcul!G28,table!$A$2:$F$112,2,TRUE),VLOOKUP(calcul!G28,table!$A$2:$F$112,2,TRUE)/VLOOKUP(calcul!G28,table!$A$2:$F$112,2,TRUE))) | L28: 1 | M28: =IF(A28="","",J28*K28*L28) | N28: =IF(A28="","",IF(I28<INFO!$B$2,1/(1+INFO!$B$4)^(0.5),1/ (1+INFO!$B$4)^((DATEDIF(INFO!$B$2,calcul!I28,"d")+1)/365+0.5))) | O28: =IF(A28="","",J28*K28*L28*N28) | P28: =IF(A28="","",O28/E28) | Q28: =IF(A28="","",O28*F28/E28) | R28: =IF(A28="","",IF(INFO!$B$2>calcul!I28,0,VLOOKUP(INT(calcul!F28),pourcentage!$A$2:$C$52,3,TRUE)*calcul!D28/12)) | T28: =IF(A28="","",D28/24) | U28: =IF(A28="","",IF(INFO!$B$2>calcul!I28,0,VLOOKUP(INT(calcul!F28),pourcentage!$A$2:$C$52,3,TRUE)*T28)) | V28: =IF(A28="","",R28+U28)
A29: =IF(ISBLANK(BD!A29), "",BD!A29) | B29: =IF(ISBLANK(BD!B29),"",BD!B29) | E29: =IF(B29="", "", YEARFRAC(C29,calcul!I29)) | J29: =IF(A29="","",H29*(VLOOKUP(INT(calcul!E29),pourcentage!$A$2:$C$52,3,TRUE)+VLOOKUP(INT(E29),pourcentage!$A$2:$C$52,2,TRUE)*(calcul!E29-INT(calcul!E29)))) | K29: =IF(A29="","",IF(G29<60,VLOOKUP(INFO!$B$3,table!$A$2:$F$112,2,TRUE)/VLOOKUP(calcul!G29,table!$A$2:$F$112,2,TRUE),VLOOKUP(calcul!G29,table!$A$2:$F$112,2,TRUE)/VLOOKUP(calcul!G29,table!$A$2:$F$112,2,TRUE))) | L29: 1 | M29: =IF(A29="","",J29*K29*L29) | N29: =IF(A29="","",IF(I29<INFO!$B$2,1/(1+INFO!$B$4)^(0.5),1/ (1+INFO!$B$4)^((DATEDIF(INFO!$B$2,calcul!I29,"d")+1)/365+0.5))) | O29: =IF(A29="","",J29*K29*L29*N29) | P29: =IF(A29="","",O29/E29) | Q29: =IF(A29="","",O29*F29/E29) | R29: =IF(A29="","",IF(INFO!$B$2>calcul!I29,0,VLOOKUP(INT(calcul!F29),pourcentage!$A$2:$C$52,3,TRUE)*calcul!D29/12)) | T29: =IF(A29="","",D29/24) | U29: =IF(A29="","",IF(INFO!$B$2>calcul!I29,0,VLOOKUP(INT(calcul!F29),pourcentage!$A$2:$C$52,3,TRUE)*T29)) | V29: =IF(A29="","",R29+U29)
A30: =IF(ISBLANK(BD!A30), "",BD!A30) | B30: =IF(ISBLANK(BD!B30),"",BD!B30) | E30: =IF(B30="", "", YEARFRAC(C30,calcul!I30)) | J30: =IF(A30="","",H30*(VLOOKUP(INT(calcul!E30),pourcentage!$A$2:$C$52,3,TRUE)+VLOOKUP(INT(E30),pourcentage!$A$2:$C$52,2,TRUE)*(calcul!E30-INT(calcul!E30)))) | K30: =IF(A30="","",IF(G30<60,VLOOKUP(INFO!$B$3,table!$A$2:$F$112,2,TRUE)/VLOOKUP(calcul!G30,table!$A$2:$F$112,2,TRUE),VLOOKUP(calcul!G30,table!$A$2:$F$112,2,TRUE)/VLOOKUP(calcul!G30,table!$A$2:$F$112,2,TRUE))) | L30: 1 | M30: =IF(A30="","",J30*K30*L30) | N30: =IF(A30="","",IF(I30<INFO!$B$2,1/(1+INFO!$B$4)^(0.5),1/ (1+INFO!$B$4)^((DATEDIF(INFO!$B$2,calcul!I30,"d")+1)/365+0.5))) | O30: =IF(A30="","",J30*K30*L30*N30) | P30: =IF(A30="","",O30/E30) | Q30: =IF(A30="","",O30*F30/E30) | R30: =IF(A30="","",IF(INFO!$B$2>calcul!I30,0,VLOOKUP(INT(calcul!F30),pourcentage!$A$2:$C$52,3,TRUE)*calcul!D30/12)) | T30: =IF(A30="","",D30/24) | U30: =IF(A30="","",IF(INFO!$B$2>calcul!I30,0,VLOOKUP(INT(calcul!F30),pourcentage!$A$2:$C$52,3,TRUE)*T30)) | V30: =IF(A30="","",R30+U30)
A31: =IF(ISBLANK(BD!A31), "",BD!A31) | B31: =IF(ISBLANK(BD!B31),"",BD!B31) | E31: =IF(B31="", "", YEARFRAC(C31,calcul!I31)) | J31: =IF(A31="","",H31*(VLOOKUP(INT(calcul!E31),pourcentage!$A$2:$C$52,3,TRUE)+VLOOKUP(INT(E31),pourcentage!$A$2:$C$52,2,TRUE)*(calcul!E31-INT(calcul!E31)))) | K31: =IF(A31="","",IF(G31<60,VLOOKUP(INFO!$B$3,table!$A$2:$F$112,2,TRUE)/VLOOKUP(calcul!G31,table!$A$2:$F$112,2,TRUE),VLOOKUP(calcul!G31,table!$A$2:$F$112,2,TRUE)/VLOOKUP(calcul!G31,table!$A$2:$F$112,2,TRUE))) | L31: 1 | M31: =IF(A31="","",J31*K31*L31) | N31: =IF(A31="","",IF(I31<INFO!$B$2,1/(1+INFO!$B$4)^(0.5),1/ (1+INFO!$B$4)^((DATEDIF(INFO!$B$2,calcul!I31,"d")+1)/365+0.5))) | O31: =IF(A31="","",J31*K31*L31*N31) | P31: =IF(A31="","",O31/E31) | Q31: =IF(A31="","",O31*F31/E31) | R31: =IF(A31="","",IF(INFO!$B$2>calcul!I31,0,VLOOKUP(INT(calcul!F31),pourcentage!$A$2:$C$52,3,TRUE)*calcul!D31/12)) | T31: =IF(A31="","",D31/24) | U31: =IF(A31="","",IF(INFO!$B$2>calcul!I31,0,VLOOKUP(INT(calcul!F31),pourcentage!$A$2:$C$52,3,TRUE)*T31)) | V31: =IF(A31="","",R31+U31)
A32: =IF(ISBLANK(BD!A32), "",BD!A32) | B32: =IF(ISBLANK(BD!B32),"",BD!B32) | E32: =IF(B32="", "", YEARFRAC(C32,calcul!I32)) | J32: =IF(A32="","",H32*(VLOOKUP(INT(calcul!E32),pourcentage!$A$2:$C$52,3,TRUE)+VLOOKUP(INT(E32),pourcentage!$A$2:$C$52,2,TRUE)*(calcul!E32-INT(calcul!E32)))) | K32: =IF(A32="","",IF(G32<60,VLOOKUP(INFO!$B$3,table!$A$2:$F$112,2,TRUE)/VLOOKUP(calcul!G32,table!$A$2:$F$112,2,TRUE),VLOOKUP(calcul!G32,table!$A$2:$F$112,2,TRUE)/VLOOKUP(calcul!G32,table!$A$2:$F$112,2,TRUE))) | L32: 1 | M32: =IF(A32="","",J32*K32*L32) | N32: =IF(A32="","",IF(I32<INFO!$B$2,1/(1+INFO!$B$4)^(0.5),1/ (1+INFO!$B$4)^((DATEDIF(INFO!$B$2,calcul!I32,"d")+1)/365+0.5))) | O32: =IF(A32="","",J32*K32*L32*N32) | P32: =IF(A32="","",O32/E32) | Q32: =IF(A32="","",O32*F32/E32) | R32: =IF(A32="","",IF(INFO!$B$2>calcul!I32,0,VLOOKUP(INT(calcul!F32),pourcentage!$A$2:$C$52,3,TRUE)*calcul!D32/12)) | T32: =IF(A32="","",D32/24) | U32: =IF(A32="","",IF(INFO!$B$2>calcul!I32,0,VLOOKUP(INT(calcul!F32),pourcentage!$A$2:$C$52,3,TRUE)*T32)) | V32: =IF(A32="","",R32+U32)
A33: =IF(ISBLANK(BD!A33), "",BD!A33) | B33: =IF(ISBLANK(BD!B33),"",BD!B33) | E33: =IF(B33="", "", YEARFRAC(C33,calcul!I33)) | J33: =IF(A33="","",H33*(VLOOKUP(INT(calcul!E33),pourcentage!$A$2:$C$52,3,TRUE)+VLOOKUP(INT(E33),pourcentage!$A$2:$C$52,2,TRUE)*(calcul!E33-INT(calcul!E33)))) | K33: =IF(A33="","",IF(G33<60,VLOOKUP(INFO!$B$3,table!$A$2:$F$112,2,TRUE)/VLOOKUP(calcul!G33,table!$A$2:$F$112,2,TRUE),VLOOKUP(calcul!G33,table!$A$2:$F$112,2,TRUE)/VLOOKUP(calcul!G33,table!$A$2:$F$112,2,TRUE))) | L33: 1 | M33: =IF(A33="","",J33*K33*L33) | N33: =IF(A33="","",IF(I33<INFO!$B$2,1/(1+INFO!$B$4)^(0.5),1/ (1+INFO!$B$4)^((DATEDIF(INFO!$B$2,calcul!I33,"d")+1)/365+0.5))) | O33: =IF(A33="","",J33*K33*L33*N33) | P33: =IF(A33="","",O33/E33) | Q33: =IF(A33="","",O33*F33/E33) | R33: =IF(A33="","",IF(INFO!$B$2>calcul!I33,0,VLOOKUP(INT(calcul!F33),pourcentage!$A$2:$C$52,3,TRUE)*calcul!D33/12)) | T33: =IF(A33="","",D33/24) | U33: =IF(A33="","",IF(INFO!$B$2>calcul!I33,0,VLOOKUP(INT(calcul!F33),pourcentage!$A$2:$C$52,3,TRUE)*T33)) | V33: =IF(A33="","",R33+U33)
A34: =IF(ISBLANK(BD!A34), "",BD!A34) | B34: =IF(ISBLANK(BD!B34),"",BD!B34) | E34: =IF(B34="", "", YEARFRAC(C34,calcul!I34)) | J34: =IF(A34="","",H34*(VLOOKUP(INT(calcul!E34),pourcentage!$A$2:$C$52,3,TRUE)+VLOOKUP(INT(E34),pourcentage!$A$2:$C$52,2,TRUE)*(calcul!E34-INT(calcul!E34)))) | K34: =IF(A34="","",IF(G34<60,VLOOKUP(INFO!$B$3,table!$A$2:$F$112,2,TRUE)/VLOOKUP(calcul!G34,table!$A$2:$F$112,2,TRUE),VLOOKUP(calcul!G34,table!$A$2:$F$112,2,TRUE)/VLOOKUP(calcul!G34,table!$A$2:$F$112,2,TRUE))) | L34: 1 | M34: =IF(A34="","",J34*K34*L34) | N34: =IF(A34="","",IF(I34<INFO!$B$2,1/(1+INFO!$B$4)^(0.5),1/ (1+INFO!$B$4)^((DATEDIF(INFO!$B$2,calcul!I34,"d")+1)/365+0.5))) | O34: =IF(A34="","",J34*K34*L34*N34) | P34: =IF(A34="","",O34/E34) | Q34: =IF(A34="","",O34*F34/E34) | R34: =IF(A34="","",IF(INFO!$B$2>calcul!I34,0,VLOOKUP(INT(calcul!F34),pourcentage!$A$2:$C$52,3,TRUE)*calcul!D34/12)) | T34: =IF(A34="","",D34/24) | U34: =IF(A34="","",IF(INFO!$B$2>calcul!I34,0,VLOOKUP(INT(calcul!F34),pourcentage!$A$2:$C$52,3,TRUE)*T34)) | V34: =IF(A34="","",R34+U34)
A35: =IF(ISBLANK(BD!A35), "",BD!A35) | B35: =IF(ISBLANK(BD!B35),"",BD!B35) | E35: =IF(B35="", "", YEARFRAC(C35,calcul!I35)) | J35: =IF(A35="","",H35*(VLOOKUP(INT(calcul!E35),pourcentage!$A$2:$C$52,3,TRUE)+VLOOKUP(INT(E35),pourcentage!$A$2:$C$52,2,TRUE)*(calcul!E35-INT(calcul!E35)))) | K35: =IF(A35="","",IF(G35<60,VLOOKUP(INFO!$B$3,table!$A$2:$F$112,2,TRUE)/VLOOKUP(calcul!G35,table!$A$2:$F$112,2,TRUE),VLOOKUP(calcul!G35,table!$A$2:$F$112,2,TRUE)/VLOOKUP(calcul!G35,table!$A$2:$F$112,2,TRUE))) | L35: 1 | M35: =IF(A35="","",J35*K35*L35) | N35: =IF(A35="","",IF(I35<INFO!$B$2,1/(1+INFO!$B$4)^(0.5),1/ (1+INFO!$B$4)^((DATEDIF(INFO!$B$2,calcul!I35,"d")+1)/365+0.5))) | O35: =IF(A35="","",J35*K35*L35*N35) | P35: =IF(A35="","",O35/E35) | Q35: =IF(A35="","",O35*F35/E35) | R35: =IF(A35="","",IF(INFO!$B$2>calcul!I35,0,VLOOKUP(INT(calcul!F35),pourcentage!$A$2:$C$52,3,TRUE)*calcul!D35/12)) | T35: =IF(A35="","",D35/24) | U35: =IF(A35="","",IF(INFO!$B$2>calcul!I35,0,VLOOKUP(INT(calcul!F35),pourcentage!$A$2:$C$52,3,TRUE)*T35)) | V35: =IF(A35="","",R35+U35)
A36: =IF(ISBLANK(BD!A36), "",BD!A36) | B36: =IF(ISBLANK(BD!B36),"",BD!B36) | E36: =IF(B36="", "", YEARFRAC(C36,calcul!I36)) | J36: =IF(A36="","",H36*(VLOOKUP(INT(calcul!E36),pourcentage!$A$2:$C$52,3,TRUE)+VLOOKUP(INT(E36),pourcentage!$A$2:$C$52,2,TRUE)*(calcul!E36-INT(calcul!E36)))) | K36: =IF(A36="","",IF(G36<60,VLOOKUP(INFO!$B$3,table!$A$2:$F$112,2,TRUE)/VLOOKUP(calcul!G36,table!$A$2:$F$112,2,TRUE),VLOOKUP(calcul!G36,table!$A$2:$F$112,2,TRUE)/VLOOKUP(calcul!G36,table!$A$2:$F$112,2,TRUE))) | L36: 1 | M36: =IF(A36="","",J36*K36*L36) | N36: =IF(A36="","",IF(I36<INFO!$B$2,1/(1+INFO!$B$4)^(0.5),1/ (1+INFO!$B$4)^((DATEDIF(INFO!$B$2,calcul!I36,"d")+1)/365+0.5))) | O36: =IF(A36="","",J36*K36*L36*N36) | P36: =IF(A36="","",O36/E36) | Q36: =IF(A36="","",O36*F36/E36) | R36: =IF(A36="","",IF(INFO!$B$2>calcul!I36,0,VLOOKUP(INT(calcul!F36),pourcentage!$A$2:$C$52,3,TRUE)*calcul!D36/12)) | T36: =IF(A36="","",D36/24) | U36: =IF(A36="","",IF(INFO!$B$2>calcul!I36,0,VLOOKUP(INT(calcul!F36),pourcentage!$A$2:$C$52,3,TRUE)*T36)) | V36: =IF(A36="","",R36+U36)
A37: =IF(ISBLANK(BD!A37), "",BD!A37) | B37: =IF(ISBLANK(BD!B37),"",BD!B37) | E37: =IF(B37="", "", YEARFRAC(C37,calcul!I37)) | J37: =IF(A37="","",H37*(VLOOKUP(INT(calcul!E37),pourcentage!$A$2:$C$52,3,TRUE)+VLOOKUP(INT(E37),pourcentage!$A$2:$C$52,2,TRUE)*(calcul!E37-INT(calcul!E37)))) | K37: =IF(A37="","",IF(G37<60,VLOOKUP(INFO!$B$3,table!$A$2:$F$112,2,TRUE)/VLOOKUP(calcul!G37,table!$A$2:$F$112,2,TRUE),VLOOKUP(calcul!G37,table!$A$2:$F$112,2,TRUE)/VLOOKUP(calcul!G37,table!$A$2:$F$112,2,TRUE))) | L37: 1 | M37: =IF(A37="","",J37*K37*L37) | N37: =IF(A37="","",IF(I37<INFO!$B$2,1/(1+INFO!$B$4)^(0.5),1/ (1+INFO!$B$4)^((DATEDIF(INFO!$B$2,calcul!I37,"d")+1)/365+0.5))) | O37: =IF(A37="","",J37*K37*L37*N37) | P37: =IF(A37="","",O37/E37) | Q37: =IF(A37="","",O37*F37/E37) | R37: =IF(A37="","",IF(INFO!$B$2>calcul!I37,0,VLOOKUP(INT(calcul!F37),pourcentage!$A$2:$C$52,3,TRUE)*calcul!D37/12)) | T37: =IF(A37="","",D37/24) | U37: =IF(A37="","",IF(INFO!$B$2>calcul!I37,0,VLOOKUP(INT(calcul!F37),pourcentage!$A$2:$C$52,3,TRUE)*T37)) | V37: =IF(A37="","",R37+U37)
A38: =IF(ISBLANK(BD!A38), "",BD!A38) | B38: =IF(ISBLANK(BD!B38),"",BD!B38) | E38: =IF(B38="", "", YEARFRAC(C38,calcul!I38)) | J38: =IF(A38="","",H38*(VLOOKUP(INT(calcul!E38),pourcentage!$A$2:$C$52,3,TRUE)+VLOOKUP(INT(E38),pourcentage!$A$2:$C$52,2,TRUE)*(calcul!E38-INT(calcul!E38)))) | K38: =IF(A38="","",IF(G38<60,VLOOKUP(INFO!$B$3,table!$A$2:$F$112,2,TRUE)/VLOOKUP(calcul!G38,table!$A$2:$F$112,2,TRUE),VLOOKUP(calcul!G38,table!$A$2:$F$112,2,TRUE)/VLOOKUP(calcul!G38,table!$A$2:$F$112,2,TRUE))) | L38: 1 | M38: =IF(A38="","",J38*K38*L38) | N38: =IF(A38="","",IF(I38<INFO!$B$2,1/(1+INFO!$B$4)^(0.5),1/ (1+INFO!$B$4)^((DATEDIF(INFO!$B$2,calcul!I38,"d")+1)/365+0.5))) | O38: =IF(A38="","",J38*K38*L38*N38) | P38: =IF(A38="","",O38/E38) | Q38: =IF(A38="","",O38*F38/E38) | R38: =IF(A38="","",IF(INFO!$B$2>calcul!I38,0,VLOOKUP(INT(calcul!F38),pourcentage!$A$2:$C$52,3,TRUE)*calcul!D38/12)) | T38: =IF(A38="","",D38/24) | U38: =IF(A38="","",IF(INFO!$B$2>calcul!I38,0,VLOOKUP(INT(calcul!F38),pourcentage!$A$2:$C$52,3,TRUE)*T38)) | V38: =IF(A38="","",R38+U38)
A39: =IF(ISBLANK(BD!A39), "",BD!A39) | B39: =IF(ISBLANK(BD!B39),"",BD!B39) | E39: =IF(B39="", "", YEARFRAC(C39,calcul!I39)) | J39: =IF(A39="","",H39*(VLOOKUP(INT(calcul!E39),pourcentage!$A$2:$C$52,3,TRUE)+VLOOKUP(INT(E39),pourcentage!$A$2:$C$52,2,TRUE)*(calcul!E39-INT(calcul!E39)))) | K39: =IF(A39="","",IF(G39<60,VLOOKUP(INFO!$B$3,table!$A$2:$F$112,2,TRUE)/VLOOKUP(calcul!G39,table!$A$2:$F$112,2,TRUE),VLOOKUP(calcul!G39,table!$A$2:$F$112,2,TRUE)/VLOOKUP(calcul!G39,table!$A$2:$F$112,2,TRUE))) | L39: 1 | M39: =IF(A39="","",J39*K39*L39) | N39: =IF(A39="","",IF(I39<INFO!$B$2,1/(1+INFO!$B$4)^(0.5),1/ (1+INFO!$B$4)^((DATEDIF(INFO!$B$2,calcul!I39,"d")+1)/365+0.5))) | O39: =IF(A39="","",J39*K39*L39*N39) | P39: =IF(A39="","",O39/E39) | Q39: =IF(A39="","",O39*F39/E39) | R39: =IF(A39="","",IF(INFO!$B$2>calcul!I39,0,VLOOKUP(INT(calcul!F39),pourcentage!$A$2:$C$52,3,TRUE)*calcul!D39/12)) | T39: =IF(A39="","",D39/24) | U39: =IF(A39="","",IF(INFO!$B$2>calcul!I39,0,VLOOKUP(INT(calcul!F39),pourcentage!$A$2:$C$52,3,TRUE)*T39)) | V39: =IF(A39="","",R39+U39)
A40: =IF(ISBLANK(BD!A40), "",BD!A40) | B40: =IF(ISBLANK(BD!B40),"",BD!B40) | E40: =IF(B40="", "", YEARFRAC(C40,calcul!I40)) | J40: =IF(A40="","",H40*(VLOOKUP(INT(calcul!E40),pourcentage!$A$2:$C$52,3,TRUE)+VLOOKUP(INT(E40),pourcentage!$A$2:$C$52,2,TRUE)*(calcul!E40-INT(calcul!E40)))) | K40: =IF(A40="","",IF(G40<60,VLOOKUP(INFO!$B$3,table!$A$2:$F$112,2,TRUE)/VLOOKUP(calcul!G40,table!$A$2:$F$112,2,TRUE),VLOOKUP(calcul!G40,table!$A$2:$F$112,2,TRUE)/VLOOKUP(calcul!G40,table!$A$2:$F$112,2,TRUE))) | L40: 1 | M40: =IF(A40="","",J40*K40*L40) | N40: =IF(A40="","",IF(I40<INFO!$B$2,1/(1+INFO!$B$4)^(0.5),1/ (1+INFO!$B$4)^((DATEDIF(INFO!$B$2,calcul!I40,"d")+1)/365+0.5))) | O40: =IF(A40="","",J40*K40*L40*N40) | P40: =IF(A40="","",O40/E40) | Q40: =IF(A40="","",O40*F40/E40) | R40: =IF(A40="","",IF(INFO!$B$2>calcul!I40,0,VLOOKUP(INT(calcul!F40),pourcentage!$A$2:$C$52,3,TRUE)*calcul!D40/12)) | T40: =IF(A40="","",D40/24) | U40: =IF(A40="","",IF(INFO!$B$2>calcul!I40,0,VLOOKUP(INT(calcul!F40),pourcentage!$A$2:$C$52,3,TRUE)*T40)) | V40: =IF(A40="","",R40+U40)
... A100: =IF(ISBLANK(BD!A100), "",BD!A100) | B100: =IF(ISBLANK(BD!B100),"",BD!B100) | E100: =IF(B100="", "", YEARFRAC(C100,calcul!I100)) | J100: =IF(A100="","",H100*(VLOOKUP(INT(calcul!E100),pourcentage!$A$2:$C$52,3,TRUE)+VLOOKUP(INT(E100),pourcentage!$A$2:$C$52,2,TRUE)*(calcul!E100-INT(calcul!E100)))) | K100: =IF(A100="","",IF(G100<60,VLOOKUP(INFO!$B$3,table!$A$2:$F$112,2,TRUE)/VLOOKUP(calcul!G100,table!$A$2:$F$112,2,TRUE),VLOOKUP(calcul!G100,table!$A$2:$F$112,2,TRUE)/VLOOKUP(calcul!G100,table!$A$2:$F$112,2,TRUE))) | L100: 1 | M100: =IF(A100="","",J100*K100*L100) | N100: =IF(A100="","",IF(I100<INFO!$B$2,1/(1+INFO!$B$4)^(0.5),1/ (1+INFO!$B$4)^((DATEDIF(INFO!$B$2,calcul!I100,"d")+1)/365+0.5))) | O100: =IF(A100="","",J100*K100*L100*N100) | P100: =IF(A100="","",O100/E100) | Q100: =IF(A100="","",O100*F100/E100) | R100: =IF(A100="","",IF(INFO!$B$2>calcul!I100,0,VLOOKUP(INT(calcul!F100),pourcentage!$A$2:$C$52,3,TRUE)*calcul!D100/12)) | T100: =IF(A100="","",D100/24) | U100: =IF(A100="","",IF(INFO!$B$2>calcul!I100,0,VLOOKUP(INT(calcul!F100),pourcentage!$A$2:$C$52,3,TRUE)*T100)) | V100: =IF(A100="","",R100+U100)

Sheet retraite complementaire
A1: IDENTIFIANT | B1: DATE DE NAISSANCE | C1: DATE D'EMBAUCHE | D1: SALAIRE ANNUEL BRUT | E1: Ancienneté au terme | F1: Ancienneté à la Conception du régime | G1: Âge actuel à la conception du régime | H1: Salaire final mensuel | I1: date de départ à la retraite | J1: Cotisation | K1: epargne constitué
A2: =IF(ISBLANK(BD!A2), "",BD!A2) -> 1 | B2: =IF(ISBLANK(BD!B2),"",BD!B2) -> 28866 | C2: =IF(ISBLANK(BD!C2),"",BD!C2) -> 36557 | D2: =IF(ISBLANK(BD!D2),"",BD!D2) -> 4063827 | E2: =IF(B2="", "", YEARFRAC(C2,calcul!I2)) -> 38.944444 | F2: =IF(B2="", "", YEARFRAC(C2,INFO!$B$2)) -> 23.916667 | G2: =IF(A2="","",DATEDIF(B2,INFO!$B$2,"y")+1) -> 45 | H2: =IF(B2="","",(D2/INFO!$B$7)*(1+INFO!$B$6)^MAX((INFO!$B$3-calcul!G2),0)) -> 312602.08 | I2: =IF(A2="","",EDATE(B2,INFO!$B$3*12)) -> 50781 | J2: =IF(A2="","",D2*INFO!$B$9) -> 406382.7 | K2: =J2*(1-INFO!$B$5)*(1+INFO!$B$4)*((1+INFO!$B$4)^(INFO!$B$3-'retraite complementaire'!G2)-1)/INFO!$B$4 -> 7710086.9
A3: =IF(ISBLANK(BD!A3), "",BD!A3) -> 2 | B3: =IF(ISBLANK(BD!B3),"",BD!B3) -> 29861 | C3: =IF(ISBLANK(BD!C3),"",BD!C3) -> 38565 | D3: =IF(ISBLANK(BD!D3),"",BD!D3) -> 5422041 | E3: =IF(B3="", "", YEARFRAC(C3,calcul!I3)) -> 36.169444 | F3: =IF(B3="", "", YEARFRAC(C3,INFO!$B$2)) -> 18.416667 | G3: =IF(A3="","",DATEDIF(B3,INFO!$B$2,"y")+1) -> 43 | H3: =IF(B3="","",(D3/INFO!$B$7)*(1+INFO!$B$6)^MAX((INFO!$B$3-calcul!G3),0)) -> 417080.08 | I3: =IF(A3="","",EDATE(B3,INFO!$B$3*12)) -> 51776 | J3: =IF(A3="","",D3*INFO!$B$9) -> 542204.1 | K3: =J3*(1-INFO!$B$5)*(1+INFO!$B$4)*((1+INFO!$B$4)^(INFO!$B$3-'retraite complementaire'!G3)-1)/INFO!$B$4 -> 12104548
A4: =IF(ISBLANK(BD!A4), "",BD!A4) -> 3 | B4: =IF(ISBLANK(BD!B4),"",BD!B4) -> 29462 | C4: =IF(ISBLANK(BD!C4),"",BD!C4) -> 42430 | D4: =IF(ISBLANK(BD!D4),"",BD!D4) -> 10423011 | E4: =IF(B4="", "", YEARFRAC(C4,calcul!I4)) -> 24.494444 | F4: =IF(B4="", "", YEARFRAC(C4,INFO!$B$2)) -> 7.8333333 | G4: =IF(A4="","",DATEDIF(B4,INFO!$B$2,"y")+1) -> 44 | H4: =IF(B4="","",(D4/INFO!$B$7)*(1+INFO!$B$6)^MAX((INFO!$B$3-calcul!G4),0)) -> 801770.08 | I4: =IF(A4="","",EDATE(B4,INFO!$B$3*12)) -> 51377 | J4: =IF(A4="","",D4*INFO!$B$9) -> 1042301.1 | K4: =J4*(1-INFO!$B$5)*(1+INFO!$B$4)*((1+INFO!$B$4)^(INFO!$B$3-'retraite complementaire'!G4)-1)/INFO!$B$4 -> 21492004
A5: =IF(ISBLANK(BD!A5), "",BD!A5) -> 4 | B5: =IF(ISBLANK(BD!B5),"",BD!B5) -> 27396 | C5: =IF(ISBLANK(BD!C5),"",BD!C5) -> 42857 | D5: =IF(ISBLANK(BD!D5),"",BD!D5) -> 63458022 | E5: =IF(B5="", "", YEARFRAC(C5,calcul!I5)) -> 17.666667 | F5: =IF(B5="", "", YEARFRAC(C5,INFO!$B$2)) -> 6.6638889 | G5: =IF(A5="","",DATEDIF(B5,INFO!$B$2,"y")+1) -> 49 | H5: =IF(B5="","",(D5/INFO!$B$7)*(1+INFO!$B$6)^MAX((INFO!$B$3-calcul!G5),0)) -> 4881386.3 | I5: =IF(A5="","",EDATE(B5,INFO!$B$3*12)) -> 49311 | J5: =IF(A5="","",D5*INFO!$B$9) -> 6345802.2 | K5: =J5*(1-INFO!$B$5)*(1+INFO!$B$4)*((1+INFO!$B$4)^(INFO!$B$3-'retraite complementaire'!G5)-1)/INFO!$B$4 -> 81999590
A6: =IF(ISBLANK(BD!A6), "",BD!A6) -> 5 | B6: =IF(ISBLANK(BD!B6),"",BD!B6) -> 29201 | C6: =IF(ISBLANK(BD!C6),"",BD!C6) -> 42217 | D6: =IF(ISBLANK(BD!D6),"",BD!D6) -> 24059012 | E6: =IF(B6="", "", YEARFRAC(C6,calcul!I6)) -> 24.363889 | F6: =IF(B6="", "", YEARFRAC(C6,INFO!$B$2)) -> 8.4166667 | G6: =IF(A6="","",DATEDIF(B6,INFO!$B$2,"y")+1) -> 45 | H6: =IF(B6="","",(D6/INFO!$B$7)*(1+INFO!$B$6)^MAX((INFO!$B$3-calcul!G6),0)) -> 1850693.2 | I6: =IF(A6="","",EDATE(B6,INFO!$B$3*12)) -> 51116 | J6: =IF(A6="","",D6*INFO!$B$9) -> 2405901.2 | K6: =J6*(1-INFO!$B$5)*(1+INFO!$B$4)*((1+INFO!$B$4)^(INFO!$B$3-'retraite complementaire'!G6)-1)/INFO!$B$4 -> 45645908
A7: =IF(ISBLANK(BD!A7), "",BD!A7) -> 6 | B7: =IF(ISBLANK(BD!B7),"",BD!B7) -> 27834 | C7: =IF(ISBLANK(BD!C7),"",BD!C7) -> 43374 | D7: =IF(ISBLANK(BD!D7),"",BD!D7) -> 32044500 | E7: =IF(B7="", "", YEARFRAC(C7,calcul!I7)) -> 17.455556 | F7: =IF(B7="", "", YEARFRAC(C7,INFO!$B$2)) -> 5.25 | G7: =IF(A7="","",DATEDIF(B7,INFO!$B$2,"y")+1) -> 48 | H7: =IF(B7="","",(D7/INFO!$B$7)*(1+INFO!$B$6)^MAX((INFO!$B$3-calcul!G7),0)) -> 2464961.5 | I7: =IF(A7="","",EDATE(B7,INFO!$B$3*12)) -> 49749 | J7: =IF(A7="","",D7*INFO!$B$9) -> 3204450 | K7: =J7*(1-INFO!$B$5)*(1+INFO!$B$4)*((1+INFO!$B$4)^(INFO!$B$3-'retraite complementaire'!G7)-1)/INFO!$B$4 -> 46007502
A8: =IF(ISBLANK(BD!A8), "",BD!A8) -> 7 | B8: =IF(ISBLANK(BD!B8),"",BD!B8) -> 32763 | C8: =IF(ISBLANK(BD!C8),"",BD!C8) -> 43770 | D8: =IF(ISBLANK(BD!D8),"",BD!D8) -> 10600000 | E8: =IF(B8="", "", YEARFRAC(C8,calcul!I8)) -> 29.863889 | F8: =IF(B8="", "", YEARFRAC(C8,INFO!$B$2)) -> 4.1666667 | G8: =IF(A8="","",DATEDIF(B8,INFO!$B$2,"y")+1) -> 35 | H8: =IF(B8="","",(D8/INFO!$B$7)*(1+INFO!$B$6)^MAX((INFO!$B$3-calcul!G8),0)) -> 815384.62 | I8: =IF(A8="","",EDATE(B8,INFO!$B$3*12)) -> 54678 | J8: =IF(A8="","",D8*INFO!$B$9) -> 1060000 | K8: =J8*(1-INFO!$B$5)*(1+INFO!$B$4)*((1+INFO!$B$4)^(INFO!$B$3-'retraite complementaire'!G8)-1)/INFO!$B$4 -> 40595293
A9: =IF(ISBLANK(BD!A9), "",BD!A9) | B9: =IF(ISBLANK(BD!B9),"",BD!B9) | C9: =IF(ISBLANK(BD!C9),"",BD!C9) | D9: =IF(ISBLANK(BD!D9),"",BD!D9) | E9: =IF(B9="", "", YEARFRAC(C9,calcul!I9)) | F9: =IF(B9="", "", YEARFRAC(C9,INFO!$B$2)) | G9: =IF(A9="","",DATEDIF(B9,INFO!$B$2,"y")+1) | H9: =IF(B9="","",(D9/INFO!$B$7)*(1+INFO!$B$6)^MAX((INFO!$B$3-calcul!G9),0)) | I9: =IF(A9="","",EDATE(B9,INFO!$B$3*12)) | J9: =IF(A9="","",D9*INFO!$B$9)
A10: =IF(ISBLANK(BD!A10), "",BD!A10) | B10: =IF(ISBLANK(BD!B10),"",BD!B10) | C10: =IF(ISBLANK(BD!C10),"",BD!C10) | D10: =IF(ISBLANK(BD!D10),"",BD!D10) | E10: =IF(B10="", "", YEARFRAC(C10,calcul!I10)) | F10: =IF(B10="", "", YEARFRAC(C10,INFO!$B$2)) | G10: =IF(A10="","",DATEDIF(B10,INFO!$B$2,"y")+1) | H10: =IF(B10="","",(D10/INFO!$B$7)*(1+INFO!$B$6)^MAX((INFO!$B$3-calcul!G10),0)) | I10: =IF(A10="","",EDATE(B10,INFO!$B$3*12)) | J10: =IF(A10="","",D10*INFO!$B$9)
A11: =IF(ISBLANK(BD!A11), "",BD!A11) | B11: =IF(ISBLANK(BD!B11),"",BD!B11) | C11: =IF(ISBLANK(BD!C11),"",BD!C11) | D11: =IF(ISBLANK(BD!D11),"",BD!D11) | E11: =IF(B11="", "", YEARFRAC(C11,calcul!I11)) | F11: =IF(B11="", "", YEARFRAC(C11,INFO!$B$2)) | G11: =IF(A11="","",DATEDIF(B11,INFO!$B$2,"y")+1) | H11: =IF(B11="","",(D11/INFO!$B$7)*(1+INFO!$B$6)^MAX((INFO!$B$3-calcul!G11),0)) | I11: =IF(A11="","",EDATE(B11,INFO!$B$3*12)) | J11: =IF(A11="","",D11*INFO!$B$9)
A12: =IF(ISBLANK(BD!A12), "",BD!A12) | B12: =IF(ISBLANK(BD!B12),"",BD!B12) | C12: =IF(ISBLANK(BD!C12),"",BD!C12) | D12: =IF(ISBLANK(BD!D12),"",BD!D12) | E12: =IF(B12="", "", YEARFRAC(C12,calcul!I12)) | F12: =IF(B12="", "", YEARFRAC(C12,INFO!$B$2)) | G12: =IF(A12="","",DATEDIF(B12,INFO!$B$2,"y")+1) | H12: =IF(B12="","",(D12/INFO!$B$7)*(1+INFO!$B$6)^MAX((INFO!$B$3-calcul!G12),0)) | I12: =IF(A12="","",EDATE(B12,INFO!$B$3*12)) | J12: =IF(A12="","",D12*INFO!$B$9)
A13: =IF(ISBLANK(BD!A13), "",BD!A13) | B13: =IF(ISBLANK(BD!B13),"",BD!B13) | C13: =IF(ISBLANK(BD!C13),"",BD!C13) | D13: =IF(ISBLANK(BD!D13),"",BD!D13) | E13: =IF(B13="", "", YEARFRAC(C13,calcul!I13)) | F13: =IF(B13="", "", YEARFRAC(C13,INFO!$B$2)) | G13: =IF(A13="","",DATEDIF(B13,INFO!$B$2,"y")+1) | H13: =IF(B13="","",(D13/INFO!$B$7)*(1+INFO!$B$6)^MAX((INFO!$B$3-calcul!G13),0)) | I13: =IF(A13="","",EDATE(B13,INFO!$B$3*12)) | J13: =IF(A13="","",D13*INFO!$B$9)
A14: =IF(ISBLANK(BD!A14), "",BD!A14) | B14: =IF(ISBLANK(BD!B14),"",BD!B14) | C14: =IF(ISBLANK(BD!C14),"",BD!C14) | D14: =IF(ISBLANK(BD!D14),"",BD!D14) | E14: =IF(B14="", "", YEARFRAC(C14,calcul!I14)) | F14: =IF(B14="", "", YEARFRAC(C14,INFO!$B$2)) | G14: =IF(A14="","",DATEDIF(B14,INFO!$B$2,"y")+1) | H14: =IF(B14="","",(D14/INFO!$B$7)*(1+INFO!$B$6)^MAX((INFO!$B$3-calcul!G14),0)) | I14: =IF(A14="","",EDATE(B14,INFO!$B$3*12)) | J14: =IF(A14="","",D14*INFO!$B$9)
A15: =IF(ISBLANK(BD!A15), "",BD!A15) | B15: =IF(ISBLANK(BD!B15),"",BD!B15) | C15: =IF(ISBLANK(BD!C15),"",BD!C15) | D15: =IF(ISBLANK(BD!D15),"",BD!D15) | E15: =IF(B15="", "", YEARFRAC(C15,calcul!I15)) | F15: =IF(B15="", "", YEARFRAC(C15,INFO!$B$2)) | G15: =IF(A15="","",DATEDIF(B15,INFO!$B$2,"y")+1) | H15: =IF(B15="","",(D15/INFO!$B$7)*(1+INFO!$B$6)^MAX((INFO!$B$3-calcul!G15),0)) | I15: =IF(A15="","",EDATE(B15,INFO!$B$3*12)) | J15: =IF(A15="","",D15*INFO!$B$9)
A16: =IF(ISBLANK(BD!A16), "",BD!A16) | B16: =IF(ISBLANK(BD!B16),"",BD!B16) | C16: =IF(ISBLANK(BD!C16),"",BD!C16) | D16: =IF(ISBLANK(BD!D16),"",BD!D16) | E16: =IF(B16="", "", YEARFRAC(C16,calcul!I16)) | F16: =IF(B16="", "", YEARFRAC(C16,INFO!$B$2)) | G16: =IF(A16="","",DATEDIF(B16,INFO!$B$2,"y")+1) | H16: =IF(B16="","",(D16/INFO!$B$7)*(1+INFO!$B$6)^MAX((INFO!$B$3-calcul!G16),0)) | I16: =IF(A16="","",EDATE(B16,INFO!$B$3*12)) | J16: =IF(A16="","",D16*INFO!$B$9)
A17: =IF(ISBLANK(BD!A17), "",BD!A17) | B17: =IF(ISBLANK(BD!B17),"",BD!B17) | C17: =IF(ISBLANK(BD!C17),"",BD!C17) | D17: =IF(ISBLANK(BD!D17),"",BD!D17) | E17: =IF(B17="", "", YEARFRAC(C17,calcul!I17)) | F17: =IF(B17="", "", YEARFRAC(C17,INFO!$B$2)) | G17: =IF(A17="","",DATEDIF(B17,INFO!$B$2,"y")+1) | H17: =IF(B17="","",(D17/INFO!$B$7)*(1+INFO!$B$6)^MAX((INFO!$B$3-calcul!G17),0)) | I17: =IF(A17="","",EDATE(B17,INFO!$B$3*12)) | J17: =IF(A17="","",D17*INFO!$B$9)
A18: =IF(ISBLANK(BD!A18), "",BD!A18) | B18: =IF(ISBLANK(BD!B18),"",BD!B18) | C18: =IF(ISBLANK(BD!C18),"",BD!C18) | D18: =IF(ISBLANK(BD!D18),"",BD!D18) | E18: =IF(B18="", "", YEARFRAC(C18,calcul!I18)) | F18: =IF(B18="", "", YEARFRAC(C18,INFO!$B$2)) | G18: =IF(A18="","",DATEDIF(B18,INFO!$B$2,"y")+1) | H18: =IF(B18="","",(D18/INFO!$B$7)*(1+INFO!$B$6)^MAX((INFO!$B$3-calcul!G18),0)) | I18: =IF(A18="","",EDATE(B18,INFO!$B$3*12)) | J18: =IF(A18="","",D18*INFO!$B$9)
A19: =IF(ISBLANK(BD!A19), "",BD!A19) | B19: =IF(ISBLANK(BD!B19),"",BD!B19) | C19: =IF(ISBLANK(BD!C19),"",BD!C19) | D19: =IF(ISBLANK(BD!D19),"",BD!D19) | E19: =IF(B19="", "", YEARFRAC(C19,calcul!I19)) | F19: =IF(B19="", "", YEARFRAC(C19,INFO!$B$2)) | G19: =IF(A19="","",DATEDIF(B19,INFO!$B$2,"y")+1) | H19: =IF(B19="","",(D19/INFO!$B$7)*(1+INFO!$B$6)^MAX((INFO!$B$3-calcul!G19),0)) | I19: =IF(A19="","",EDATE(B19,INFO!$B$3*12)) | J19: =IF(A19="","",D19*INFO!$B$9)
A20: =IF(ISBLANK(BD!A20), "",BD!A20) | B20: =IF(ISBLANK(BD!B20),"",BD!B20) | C20: =IF(ISBLANK(BD!C20),"",BD!C20) | D20: =IF(ISBLANK(BD!D20),"",BD!D20) | E20: =IF(B20="", "", YEARFRAC(C20,calcul!I20)) | F20: =IF(B20="", "", YEARFRAC(C20,INFO!$B$2)) | G20: =IF(A20="","",DATEDIF(B20,INFO!$B$2,"y")+1) | H20: =IF(B20="","",(D20/INFO!$B$7)*(1+INFO!$B$6)^MAX((INFO!$B$3-calcul!G20),0)) | I20: =IF(A20="","",EDATE(B20,INFO!$B$3*12)) | J20: =IF(A20="","",D20*INFO!$B$9)

Sheet pourcentage
A1: Ancienneté | B1: droit | C1: Cumul
A2: 0 | B2: 0.2 | C2: 0
A3: 1 | B3: 0.2 | C3: =B3 -> 0.2
A4: 2 | B4: 0.2 | C4: =B4+C3 -> 0.4
A5: 3 | B5: 0.2 | C5: =B5+C4 -> 0.6
A6: 4 | B6: 0.2 | C6: =B6+C5 -> 0.8
A7: 5 | B7: 0.2 | C7: =B7+C6 -> 1
A8: 6 | B8: 0.3 | C8: =B8+C7 -> 1.3
A9: 7 | B9: 0.3 | C9: =B9+C8 -> 1.6
A10: 8 | B10: 0.3 | C10: =B10+C9 -> 1.9
A11: 9 | B11: 0.3 | C11: =B11+C10 -> 2.2
A12: 10 | B12: 0.3 | C12: =B12+C11 -> 2.5
A13: 11 | B13: 0.4 | C13: =B13+C12 -> 2.9
A14: 12 | B14: 0.4 | C14: =B14+C13 -> 3.3
A15: 13 | B15: 0.4 | C15: =B15+C14 -> 3.7
... A52: 50 | B52: 0.6 | C52: =B52+C51 -> 25

Sheet table
A1: Age | B1: Lx (CIMA H) | C1: Dx | D1: Cx | E1: Nx | F1: Mx
A2: 0 | B2: 1000000 | C2: =B2*$K$7^A2 -> 1000000 | D2: =(B2-B3)*$K$7^(A2+0.5) -> 5276.2064 | E2: =SUM(C2:$C$107) -> 26565816 | F2: =SUM(D2:$D$107) -> 103402.46
A3: 1 | B3: 994632.25 | C3: =B3*$K$7^A3 -> 960997.35 | D3: =(B3-B4)*$K$7^(A3+0.5) -> 689.56505 | E3: =SUM(C3:$C$107) -> 25565816 | F3: =SUM(D3:$D$107) -> 98126.254
A4: 2 | B4: 993906.17 | C4: =B4*$K$7^A4 -> 927822.05 | D4: =(B4-B5)*$K$7^(A4+0.5) -> 509.67148 | E4: =SUM(C4:$C$107) -> 24604819 | F4: =SUM(D4:$D$107) -> 97436.689
A5: 3 | B5: 993350.73 | C5: =B5*$K$7^A5 -> 895945.44 | D5: =(B5-B6)*$K$7^(A5+0.5) -> 419.3616 | E5: =SUM(C5:$C$107) -> 23676997 | F5: =SUM(D5:$D$107) -> 96927.017
A6: 4 | B6: 992877.71 | C6: =B6*$K$7^A6 -> 865235.56 | D6: =(B6-B7)*$K$7^(A6+0.5) -> 346.18274 | E6: =SUM(C6:$C$107) -> 22781051 | F6: =SUM(D6:$D$107) -> 96507.655
A7: 5 | B7: 992473.56 | C7: =B7*$K$7^A7 -> 835636.11 | D7: =(B7-B8)*$K$7^(A7+0.5) -> 304.93869 | E7: =SUM(C7:$C$107) -> 21915816 | F7: =SUM(D7:$D$107) -> 96161.473 | J7: v= | K7: =1/(1+0.035) -> 0.96618357
A8: 6 | B8: 992105.11 | C8: =B8*$K$7^A8 -> 807078.14 | D8: =(B8-B9)*$K$7^(A8+0.5) -> 265.32269 | E8: =SUM(C8:$C$107) -> 21080179 | F8: =SUM(D8:$D$107) -> 95856.534
A9: 7 | B9: 991773.3 | C9: =B9*$K$7^A9 -> 779524.85 | D9: =(B9-B10)*$K$7^(A9+0.5) -> 241.84932 | E9: =SUM(C9:$C$107) -> 20273101 | F9: =SUM(D9:$D$107) -> 95591.211
A10: 8 | B10: 991460.26 | C10: =B10*$K$7^A10 -> 752926.38 | D10: =(B10-B11)*$K$7^(A10+0.5) -> 233.621 | E10: =SUM(C10:$C$107) -> 19493576 | F10: =SUM(D10:$D$107) -> 95349.362
A11: 9 | B11: 991147.29 | C11: =B11*$K$7^A11 -> 727235.46 | D11: =(B11-B12)*$K$7^(A11+0.5) -> 211.96758 | E11: =SUM(C11:$C$107) -> 18740650 | F11: =SUM(D11:$D$107) -> 95115.741
A12: 10 | B12: 990853.39 | C12: =B12*$K$7^A12 -> 702434.61 | D12: =(B12-B13)*$K$7^(A12+0.5) -> 217.99715 | E12: =SUM(C12:$C$107) -> 18013415 | F12: =SUM(D12:$D$107) -> 94903.773
A13: 11 | B13: 990540.55 | C13: =B13*$K$7^A13 -> 678466.5 | D13: =(B13-B14)*$K$7^(A13+0.5) -> 210.58033 | E13: =SUM(C13:$C$107) -> 17310980 | F13: =SUM(D13:$D$107) -> 94685.776
A14: 12 | B14: 990227.77 | C14: =B14*$K$7^A14 -> 655316.2 | D14: =(B14-B15)*$K$7^(A14+0.5) -> 239.31385 | E14: =SUM(C14:$C$107) -> 16632514 | F14: =SUM(D14:$D$107) -> 94475.196
A15: 13 | B15: 989859.88 | C15: =B15*$K$7^A15 -> 632920.52 | D15: =(B15-B16)*$K$7^(A15+0.5) -> 275.2784 | E15: =SUM(C15:$C$107) -> 15977197 | F15: =SUM(D15:$D$107) -> 94235.882
A16: 14 | B16: 989421.88 | C16: =B16*$K$7^A16 -> 611246.82 | D16: =(B16-B17)*$K$7^(A16+0.5) -> 326.50369 | E16: =SUM(C16:$C$107) -> 15344277 | F16: =SUM(D16:$D$107) -> 93960.604
A17: 15 | B17: 988884.2 | C17: =B17*$K$7^A17 -> 590255.7 | D17: =(B17-B18)*$K$7^(A17+0.5) -> 415.64432 | E17: =SUM(C17:$C$107) -> 14733030 | F17: =SUM(D17:$D$107) -> 93634.1
A18: 16 | B18: 988175.77 | C18: =B18*$K$7^A18 -> 569886.81 | D18: =(B18-B19)*$K$7^(A18+0.5) -> 508.08215 | E18: =SUM(C18:$C$107) -> 14142774 | F18: =SUM(D18:$D$107) -> 93218.456
A19: 17 | B19: 987279.48 | C19: =B19*$K$7^A19 -> 550115.86 | D19: =(B19-B20)*$K$7^(A19+0.5) -> 609.71127 | E19: =SUM(C19:$C$107) -> 13572887 | F19: =SUM(D19:$D$107) -> 92710.374
... A41: 39 | B41: 945596.01 | C41: =B41*$K$7^A41 -> 247190.62 | D41: =(B41-B42)*$K$7^(A41+0.5) -> 785.58517 | E41: =SUM(C41:$C$107) -> 5066962.1 | F41: =SUM(D41:$D$107) -> 77159.934
A42: 40 | B42: 942538.72 | C42: =B42*$K$7^A42 -> 238059.33 | D42: =(B42-B43)*$K$7^(A42+0.5) -> 818.20243 | E42: =SUM(C42:$C$107) -> 4819771.5 | F42: =SUM(D42:$D$107) -> 76374.348 | G42: =1-B43/B42 -> 0.0034965982
A43: 41 | B43: 939243.04 | C43: =B43*$K$7^A43 -> 229204.77 | D43: =(B43-B44)*$K$7^(A43+0.5) -> 859.80824 | E43: =SUM(C43:$C$107) -> 4581712.1 | F43: =SUM(D43:$D$107) -> 75556.146
A44: 42 | B44: 935658.56 | C44: =B44*$K$7^A44 -> 220608.73 | D44: =(B44-B45)*$K$7^(A44+0.5) -> 898.45754 | E44: =SUM(C44:$C$107) -> 4352507.4 | F44: =SUM(D44:$D$107) -> 74696.338
A45: 43 | B45: 931781.85 | C45: =B45*$K$7^A45 -> 212265.4 | D45: =(B45-B46)*$K$7^(A45+0.5) -> 939.05999 | E45: =SUM(C45:$C$107) -> 4131898.6 | F45: =SUM(D45:$D$107) -> 73797.88
A46: 44 | B46: 927588.14 | C46: =B46*$K$7^A46 -> 204164.3 | D46: =(B46-B47)*$K$7^(A46+0.5) -> 978.67418 | E46: =SUM(C46:$C$107) -> 3919633.2 | F46: =SUM(D46:$D$107) -> 72858.82
A47: 45 | B47: 923064.55 | C47: =B47*$K$7^A47 -> 196298.21 | D47: =(B47-B48)*$K$7^(A47+0.5) -> 1017.0895 | E47: =SUM(C47:$C$107) -> 3715468.9 | F47: =SUM(D47:$D$107) -> 71880.146
A48: 46 | B48: 918198.85 | C48: =B48*$K$7^A48 -> 188660.36 | D48: =(B48-B49)*$K$7^(A48+0.5) -> 1050.0832 | E48: =SUM(C48:$C$107) -> 3519170.7 | F48: =SUM(D48:$D$107) -> 70863.056
A49: 47 | B49: 912999.49 | C49: =B49*$K$7^A49 -> 181248.36 | D49: =(B49-B50)*$K$7^(A49+0.5) -> 1076.2367 | E49: =SUM(C49:$C$107) -> 3330510.4 | F49: =SUM(D49:$D$107) -> 69812.973
A50: 48 | B50: 907484.12 | C50: =B50*$K$7^A50 -> 174061.31 | D50: =(B50-B51)*$K$7^(A50+0.5) -> 1096.2872 | E50: =SUM(C50:$C$107) -> 3149262 | F50: =SUM(D50:$D$107) -> 68736.737
A51: 49 | B51: 901669.37 | C51: =B51*$K$7^A51 -> 167097.59 | D51: =(B51-B52)*$K$7^(A51+0.5) -> 1112.6201 | E51: =SUM(C51:$C$107) -> 2975200.7 | F51: =SUM(D51:$D$107) -> 67640.449
A52: 50 | B52: 895561.44 | C52: =B52*$K$7^A52 -> 160353.3 | D52: =(B52-B53)*$K$7^(A52+0.5) -> 1125.5586 | E52: =SUM(C52:$C$107) -> 2808103.1 | F52: =SUM(D52:$D$107) -> 66527.829
A53: 51 | B53: 889166.21 | C53: =B53*$K$7^A53 -> 153824.36 | D53: =(B53-B54)*$K$7^(A53+0.5) -> 1140.115 | E53: =SUM(C53:$C$107) -> 2647749.8 | F53: =SUM(D53:$D$107) -> 65402.271
A54: 52 | B54: 882461.55 | C54: =B54*$K$7^A54 -> 147501.9 | D54: =(B54-B55)*$K$7^(A54+0.5) -> 1154.3753 | E54: =SUM(C54:$C$107) -> 2493925.5 | F54: =SUM(D54:$D$107) -> 64262.156
... A107: 105 | B107: 1.5903698 | C107: =B107*$K$7^A107 -> 0.04293005 | D107: =(B107-B108)*$K$7^(A107+0.5) -> 0.042197937 | E107: =SUM(C107:$C$107) -> 0.04293005 | F107: =SUM(D107:$D$107) -> 0.042197937
A108: 106 | B108: 0 | C108: =B108*$K$7^A108 -> 0 | D108: =(B108-B109)*$K$7^(A108+0.5) -> 0 | E108: =SUM(C$107:$C108) -> 0.04293005 | F108: =SUM(D$107:$D108) -> 0.042197937
A109: 107 | B109: 0 | C109: =B109*$K$7^A109 -> 0 | D109: =(B109-B110)*$K$7^(A109+0.5) -> 0 | E109: =SUM(C$107:$C109) -> 0.04293005 | F109: =SUM(D$107:$D109) -> 0.042197937
A110: 108 | B110: 0 | C110: =B110*$K$7^A110 -> 0 | D110: =(B110-B111)*$K$7^(A110+0.5) -> 0 | E110: =SUM(C$107:$C110) -> 0.04293005 | F110: =SUM(D$107:$D110) -> 0.042197937
A111: 109 | B111: 0 | C111: =B111*$K$7^A111 -> 0 | D111: =(B111-B112)*$K$7^(A111+0.5) -> 0 | E111: =SUM(C$107:$C111) -> 0.04293005 | F111: =SUM(D$107:$D111) -> 0.042197937
A112: 110 | B112: 0 | C112: =B112*$K$7^A112 -> 0 | D112: =(B112-B113)*$K$7^(A112+0.5) -> 0 | E112: =SUM(C$107:$C112) -> 0.04293005 | F112: =SUM(D$107:$D112) -> 0.042197937
